{"0.0229": 117434.05541963999, "0.0228": 265672.38204520004, "0.0227": 406570.2668055614, "0.0226": 149962.43972797002, "0.0225": 563617.4296633301, "0.0224": 719693.1849342699, "0.0223": 530626.61978305, "0.0222": 300994.15131052997, "0.0221": 290808.66711718997, "0.022": 155735.46870364, "0.0219": 233684.47601001995, "0.0218": 3723.01467064, "0.0217": 150203.37396221998, "0.0216": 53086.14759121001, "0.0215": 146203.16628744, "0.0214": 13563.09197617, "0.0213": 109685.6364878, "0.0212": 22918.39622642, "0.0211": 84153.1535545, "0.021": 97727.84748905001, "0.0209": 21131.9613335, "0.0208": 12012.50809087, "0.0207": 43068.51015265, "0.0206": 81596.27295679999, "0.0205": 8994.5872239, "0.0204": 6124.01960784, "0.0203": 15384.335725609999, "0.0202": 297.02970297, "0.0201": 84252.12720096999, "0.02": 248307.817625, "0.0195": 1763.54041487, "0.0186": 3546.77419355, "0.0181": 26843.4972, "0.018": 57579.14948056, "0.017": 56409.40344941, "0.0169": 3789.5981, "0.0168": 80733.77517917, "0.0167": 5988.0239521, "0.0164": 2156.8433811, "0.016": 4317.963615, "0.0158": 23121.26479367, "0.0152": 17594.28519737, "0.0121": 3770.0, "0.0113": 174021.58271858, "0.0111": 26903.74234234, "0.0106": 60610.713, "0.0104": 9615.38461538, "0.0103": 19417.47572816, "0.0055": 36363.63636364, "0.0011": 181818.18181818}