{"2.39e-06": 1086.59062271, "2.42e-06": 7030.260634780001, "2.43e-06": 8459.72533292, "2.44e-06": 61632.47569487992, "2.45e-06": 84999.40721100001, "2.46e-06": 61000.84547696, "2.47e-06": 134058.84389146016, "2.48e-06": 103520.69079835998, "2.49e-06": 247418.73484803987, "2.51e-06": 2419.35483872}