{"0.023": 2358.07860267, "0.0231": 652.1974026, "0.0232": 9804.119128710008, "0.0233": 123997.47566829, "0.0234": 55852.83106829997, "0.0235": 211483.29741784028, "0.0236": 609841.6391000985, "0.0237": 862214.2070292297, "0.0238": 578260.5907215903, "0.0239": 175574.44776806, "0.024": 42048.54645976, "0.0241": 4508.375875080001, "0.0242": 22292.78804064, "0.0243": 8625.6297899, "0.0244": 1922.73100639, "0.0245": 24192.98385354, "0.0246": 427.7846334, "0.0247": 5784.237094200001, "0.0248": 7855.92224175, "0.0249": 9131.83772887, "0.025": 33018.01801973, "0.0251": 1684.59820722, "0.0252": 3154.06270412, "0.0253": 262.63157895, "0.0255": 2000.0, "0.0256": 234.52985828, "0.026": 10424.7094764, "0.0265": 330.48, "0.0266": 1127.81954887, "0.027": 5700.0, "0.0281": 1067.61565836, "0.0282": 6000.0, "0.029": 5000.0, "0.0295": 3000.0, "0.0297": 3053.84037396, "0.0299": 6279.82354545, "0.03": 16404.3435903, "0.0314": 955.41401274, "0.0315": 313.0, "0.0332": 451.80722892, "0.0344": 1079.66720883, "0.0359": 6540.9366, "0.036": 41600.0, "0.0379": 4008.9748851699997, "0.039": 53467.16885058, "0.0397": 1082.24710108, "0.04": 490.0, "0.0417": 11176.67441856, "0.0429": 468.9398355, "0.0439": 7067.7, "0.0498": 12258.0, "0.0499": 15324.55436326, "0.0579": 31777.31481102, "0.0589": 31777.31481102, "0.0598": 15324.55436326, "0.0692": 3347.5067884, "0.0699": 15324.55436326, "0.0799": 15324.55436326, "0.0809": 15324.55436326, "0.0828": 15324.55436326, "0.37": 127.1877647, "0.4": 8406.6, "1.0": 18022.13}