{"2.38e-06": 42164.94022095, "2.37e-06": 533.27004, "2.36e-06": 49250.60142153, "2.35e-06": 123102.85188743999, "2.33e-06": 1779.66523605, "2.31e-06": 476.19047619, "2.16e-06": 787.03703703, "1.55e-06": 2641.10322581}