birga,valin,valout,direction,rates,volume
hot,BTC,PZM,buy,0.00000233,108.38
hot,BTC,PZM,buy,0.00000234,2150.99
hot,BTC,PZM,buy,0.00000235,2232.6899999999996
hot,BTC,PZM,buy,0.00000238,2297.22
hot,BTC,PZM,buy,0.0000024,28467.24
hot,PZM,BTC,sell,0.0000023,19.42
hot,PZM,BTC,sell,0.00000228,81.21000000000001
hot,PZM,BTC,sell,0.00000225,152.61
hot,PZM,BTC,sell,0.00000223,208.22000000000003
hot,PZM,BTC,sell,0.00000221,279.62
