birga,valin,valout,direction,rates,volume
hot,BTC,PZM,buy,0.00000215,0.77
hot,BTC,PZM,buy,0.00000219,16512.100000000002
hot,BTC,PZM,buy,0.00000223,16828.980000000003
hot,BTC,PZM,buy,0.00000228,17097.33
hot,BTC,PZM,buy,0.00000232,17348.550000000003
hot,PZM,BTC,sell,0.00000214,14.39
hot,PZM,BTC,sell,0.00000213,2109.41
hot,PZM,BTC,sell,0.00000212,2354.92
hot,PZM,BTC,sell,0.00000207,3015.6400000000003
hot,PZM,BTC,sell,0.00000203,4771.56
