birga,valin,valout,direction,rates,volume
live,BTC,PZM,buy,0.00000227,394.75068674
live,BTC,PZM,buy,0.0000023,1594.75068674
live,BTC,PZM,buy,0.00000237,1913.9614724399999
live,BTC,PZM,buy,0.00000236,4918.6989957000005
live,BTC,PZM,buy,0.00000235,7907.0065395
live,PZM,BTC,sell,0.00000217,1354.04198709
live,PZM,BTC,sell,0.00000216,2482.41257418
live,PZM,BTC,sell,0.00000214,19664.78852311
live,PZM,BTC,sell,0.00000213,20111.18838364
live,PZM,BTC,sell,0.00000212,24967.02828364
