birga,valin,valout,direction,rates,volume
live,BTC,PZM,buy,0.00000231,482.3583058
live,BTC,PZM,buy,0.00000236,1146.26813701
live,BTC,PZM,buy,0.00000237,5569.36163701
live,BTC,PZM,buy,0.0000024,25298.65242621
live,PZM,BTC,sell,0.00000217,49.92928162
live,PZM,BTC,sell,0.00000215,1627.03932075
live,PZM,BTC,sell,0.00000214,4877.76278486
live,PZM,BTC,sell,0.00000211,6519.94287965
live,PZM,BTC,sell,0.00000171,14991.90194397
