birga,valin,valout,direction,rates,volume
live,USD,PZM,buy,0.021,409.04548343
live,USD,PZM,buy,0.0212,3057.1966266
live,USD,PZM,buy,0.02121,3276.5478325999998
live,USD,PZM,buy,0.0213,3538.8599745399997
live,PZM,USD,sell,0.02031,32.74548727
live,PZM,USD,sell,0.02,132.74548727
live,PZM,USD,sell,0.01905,289.94284698
live,PZM,USD,sell,0.02033,1267.3552469800002
live,PZM,USD,sell,0.0203,11489.23861553
