birga,valin,valout,direction,rates,volume
live,BTC,PZM,buy,0.00000214,1583.61619445
live,BTC,PZM,buy,0.00000215,7870.84246017
live,BTC,PZM,buy,0.00000217,14089.30340546
live,BTC,PZM,buy,0.00000218,30313.07680381
live,BTC,PZM,buy,0.0000022,36149.95288634
live,PZM,BTC,sell,0.00000206,308.38180595
live,PZM,BTC,sell,0.00000204,827.86829889
live,PZM,BTC,sell,0.000002,24797.22962749
live,PZM,BTC,sell,0.00000191,37407.11444424
live,PZM,BTC,sell,0.00000171,39420.37336051
