birga,valin,valout,direction,rates,volume
live,USD,PZM,buy,0.02188,35.13960768
live,USD,PZM,buy,0.02221,14866.07161616
live,USD,PZM,buy,0.02222,16319.596126139999
live,USD,PZM,buy,0.02223,16420.73654182
live,USD,PZM,buy,0.02225,16875.40834182
live,PZM,USD,sell,0.02185,943.19926649
live,PZM,USD,sell,0.0218,1391.93283047
live,PZM,USD,sell,0.02165,1622.77093047
live,PZM,USD,sell,0.02164,1970.5843303
live,PZM,USD,sell,0.02032,2070.5843303
