birga,valin,valout,direction,rates,volume
live,USD,PZM,buy,0.0203,684.71934128
live,USD,PZM,buy,0.02048,784.71934128
live,USD,PZM,buy,0.02049,885.69843104
live,USD,PZM,buy,0.02093,1032.0140459099998
live,USD,PZM,buy,0.021,9880.68260695
live,PZM,USD,sell,0.0201,3.39835617
live,PZM,USD,sell,0.02,99.70859625
live,PZM,USD,sell,0.01957,151.96700564
live,PZM,USD,sell,0.0195,276.96700564
live,PZM,USD,sell,0.01903,19319.17642235
